aoWcp03_031123	aoWcp03
aeFcp01_080124	aeFcp01
aeFcp02_080124	aeFcp02
aeFcp03_080124	aeFcp03
aeFcp04_080124	aeFcp04
aeWcp01_080124	aeWcp01
aeWcp04_080124	aeWcp04
aoWcp01_021123	aoWcp01
aoWcp02_031123	aoWcp02
aoWcp04_031123	aoWcp04
bL_Fcp_01a_dil1_220824	blFcp01
bL_Fcp_02_dil_220824	blFcp02
bL_Fcp_03_dil_220824	blFcp03
bL_Fcp_04_dil_220824	blFcp04
BLMCP01_081224	blMcp01
BLMCP02_080124	blMcp02
BLMCP03_080124	blMcp03
BLMCP04_080124	blMcp04
BLWCP01_080124	blWcp01
BLWCP02_080124	blWcp02
BLWCP03_080124	blWcp03
BTWCP02_080124	btWcp02
BTWCP04_081123	btWcp04
BTWCP05_080124	btWcp05
C1_Fcp_01a_210824	cbFcp01
C1_Fcp_02_210824	cbFcp02
C1_Fcp_03_210824	cbFcp03
C1_Fcp_04_210824	cbFcp04
C1_Fcp_05_210824	cbFcp05
C2_Fcp_01_210824	caFcp01
C2_Fcp_02_210824	caFcp02
C2_Fcp_03_210824	caFcp03
C2_Fcp_05_210824	caFcp04
EAFCP01_071123	eaFcp01
EAFCP02_080124	eaFcp02
EAFCP03_071123	eaFcp03
EAFCP04_071123	eaFcp04
EAMCP03_071123	eaMcp03
EAMCP04_071123	eaMcp04
ERFCP01_071123	erFcp01
ERFCP02_071123	erFcp02
ERFCP03_150124	erFcp03
ERFCP04_080124	erFcp04
ERMCP01_150124	erMcp01
ERMCP02_150124	erMcp02
ERMCP03_081123	erMcp03
ERMCP04_081123	erMcp04
FLWCP02_070224	flWcp02
FLWCP03_070224	flWcp03
FLWCP04_021123	flWcp04
FLWCP05_021123	flWcp05
FLWCP06_021123	flWcp06
FRWCP02_021123	frWcp02
FRWCP03_021123	frWcp03
FRWCP05_021123	frWcp04
FRWCP06_021123	frWcp05
HCFCP02_061123	hcFcp02
HCFCP03_071123	hcFcp03
HCFCP04_071123	hcFcp04
HCMCP01_041123	hcMcp01
HCMCP02_041123	hcMcp02
HCMCP03_041123	hcMcp03
HCMCP04_041123	hcMcp04
HNFCP01_041123	hnFcp01
HNFCP02_041123	hnFcp02
HNFCP03_041123	hnFcp03
HNFCP04_041123	hnFcp04
HNMCP01_041123	hnMcp01
HNMCP02_041123	hnMcp02
HNMCP03_041123	hnMcp03
HNMCP04_041123	hnMcp04
LBWCP01_150124	lbWcp01
LBWCP02_P_150124	lbWcp02
LBWCP02_P2_150124	lbWcp03
LBWCP03_150124	lbWcp04
LNWCP01_311023	lnWcp01
LNWCP02_031123	lnWcp02
LNWCP03P_311023	lnWcp03
MMFCP01_180124	mmFcp01
MMFCP02_180124	mmFcp02
MMFCP03_180124	mmFcp03
MMFCP04_160124	mmFcp04
MRBFCP06_311023	mbFcp06
MRBFCP80_311023	mbFcp80
MRBFCP84_311023	mbFcp84
MRBWCP201_311023	mbWcp201
MRBWCP80_311023	mbWcp80
MRBWCP83_311023	mbWcp83
MRGWCP15_311023	mgWcp15
MRGWCP58_080224	mgWcp58
MRGWCP62_311023	mgWcp62
MRGWCP65_080224	mgWcp65
PBFCP01_071123	pbFcp01
PBFCP02_061123	pbFcp02
PBFCP03_061123	pbFcp03
PBFCP04_061123	pbFcp04
Sd_Fcp_05_230824	sdF05
Sd_Fcp_07_230824	sdF07
Sd_Fcp_08_230824	sdF08
Sd_Mcp_02_230824	sdMcp02
Sd_Mcp_03_230824	sdMcp03
Sd_Mcp_04_230824	sdMcp04
SHFCP01_160124	shFcp01
SHFCP02_160124	shFcp02
SHFCP03_211223	shFcp03
SHFCP04_160124	shFcp04
Sq_Fcp_03_260824	sqFcp03
Sq_Fcp_04_260824	sqFcp04
Sq_Mcp_01_260824	sqMcp01
Sq_Mcp_02_260824	sqMcp02
TLWCP01_160124	tlWcp01
TLWCP02_160124	tlWcp02
TLWCP03_160124	tlWcp03
TLWCP04_160124	tlWcp04
TRWCP01_150124	trWcp01
TRWCP02_08012024	trWcp02
TRWCP04_08012024	trWcp04
vc_Wcp_01_220824	vcWcp01
vc_Wcp_02_220824	vcWcp02
vc_Wcp_03_220824	vcWcp03
vc_Wcp_04_220824	vcWcp04
vcF_cp_01a_200824	vcFcp01
vcF_cp_02a_200824	vcFcp02
vcF_cp_03a_200824	vcFcp03
vcF_cp_04a_200824	vcFcp04
vcM_cp_01a_200824	vcMcp01
vcM_cp_02a_200824	vcMcp02
vcM_cp_03a_200824	vcMcp03
vcM_cp_04a_200824	vcMcp04
vg_Wcp_01_230824	vgWcp01
vg_Wcp_02_230824	vgWcp02
VGWCP03_081123	vgWcp03
VGWCP04_131123	vgWcp04
VGWCP05_131123	vgWcp05
VGWCP06_081123	vgWcp06
ACFCP01_071123	ACFCP01